title,price,base_price,initial_quantity,condition
Amazon Fire Tv Stick Lite Full Hd 1080p Alexa Control Remoto,11999,11999,211,new
Amazon Fire Tv Stick Lite De Voz Full Hd 8gb Negro Con 1gb De Memoria Ram,10199,10199,38,new
Amazon Fire Tv Stick De Voz 4k 8gb Latest Model Cargador 220,18397,18397,126,new
Amazon Fire Tv Stick 3ra Gen Full Hd Youtube Netflix Disney,12999,12999,282,new
 Amazon Fire Tv Stick 4k Con Control De Voz Alexa,14879.07,14879.07,624,new
Amazon Fire Tv Stick 4k De Voz 4k 8gb Con Cargardor 220v ,18397,18397,61,new
 Amazon Fire Tv Stick 4k De Voz 4k 8gb Negro 1.5gb Ram,15999,15999,14,new
Amazon Fire Tv Stick De Voz 4k 8gb Cargador + Cuotas S/ Int-,24996,24996,33,new
Soporte Para Apple Tv Todas Las Generaciones,590,590,33,new
Streaming Apple Tv 4k 64gb 5th Generation Mp7p2ll/a,89999,89999,1000,new
 Apple Tv 4k A2169 De Voz 2.ª Generación 2021 4k 64gb Negro,99999,99999,80,new
Soporte Para Apple Tv Decodificadores Tgw,2860,2860,822,new
Apple Tv 4k 2nd Gen 32gb Hbo Max Prime Video Disney+ Netflix,79999,79999,36,new
Soporte Para Apple Tv Decodificadores Estante Tagwood,3590,3590,188,new
Convertidor A Smart Tv Apple Tv 4k 32gb Mqd22ll/a,64999,64999,1014,new
Apple Tv 4k 64gb 5th Gen Prime Video Netflix Control X Voz,69999,69999,53,new
Apple Tv 4k 64gb 5th Gen Streaming Netflix Prime Video Hbo,69999,69999,1002,new
Convertidor Apple Tv 4k 32gb C/mando De Voz Siri Y Bt Cuotas,238895,238895,10,new
Soporte Apple Tv 2da 3era Generación Accesorios 3d Caba,599,599,10,new
Convertidor Apple Tv 4k 32gb C/mando De Voz Siri Y Bt,176959,176959,10,new
Apple Tv Hd 32gb,97199,97199,16,new
Apple Tv 4k Hdr 32gb Mxgy2ll/a 2021 _s,86800,86800,9,new
Soporte Para Apple Tv 4° Y 5° Generación,750,750,12,new
Apple Tv 4k 32gb 2nd Generation Mxgy2ll/a ,119999,119999,1001,new
Apple Tv 3g Modelo A1469,25000,25000,1,new
Apple Tv 4k 64gb,129899,129899,11,new
Apple Tv 4k 32gb 5th Generation Netflix Disney+ Prime Video,69999,69999,51,new
Convertidor Apple Tv 4k 32gb C/mando De Voz Siri Y Bt,176959,176959,10,new
 Apple Tv 4k A2169 De Voz 2.ª Generación 2021 4k 32gb Negro,62800,62800,6,new
Soporte Para Apple Tv Todas Las Generaciones,590,590,17,new
Amazon Fire Tv Stick Lite Full Hd Control Remoto Alexa,11999,11999,123,new
Google Chromecast Ga00439 3.ª Generación Full Hd Carbón,9799,9799,1,new
Apple Tv 4k 32gb Negro 1.ª Generación 2017,48367,48367,1003,new
Apple Tv 4k 64gb 5th Generation Con Chip A10x Fusion,89999,89999,1011,new
 Apple Tv Hd A1625 De Voz 4.ª Generación 2015 Full Hd 32gb Negro Con 2gb De Memoria Ram,58157,58157,1001,new
Amazon Fire Tv Stick Lite De Voz Full Hd 8gb Negro 1gb  Ram,11499,11499,17,new
Amazon Fire Tv Stick 2da Gen Full Hd You Tube Netflix ,12999,12999,133,new
Amazon Fire Tv De Voz 3.ª Generación 4k 8gb Negro Con 2gb De Memoria Ram,23999,23999,2,new
Amazon Fire Tv Stick Lite De Voz Full Hd 8gb + Cargador 220v,19994,19994,63,new
Amazon Fire Tv Stick Lite Full Hd 8gb 1gb De Ram Con Voz,10450,10450,79,new
Amazon Fire Tv Stick De Voz 4k 8gb Fuente 220 Cuotas S/ Int-,24998,24998,31,new
 Amazon Fire Tv Stick Lite Full Hd 8gb 1gb Ram Streaming ,10299,10299,55,new
Amazon Fire Tv Stick 4k De Voz 8gb Negro Con 1.5gb Ram,26206.91,26206.91,30,new
Amazon Fire Tv Stick Lite De Voz Full Hd 8gb 1gb Alexa Smart,10499,10499,122,new
Reproductor Amazon Fire Tv Stick 4k Hdr Control Remoto Alexa,30019,30019,33,new
Amazon Fire Tv Stick 4k De Voz 4k 8gb Negro Con 1.5gb Ram,14049,14049,176,new
Amazon Fire Tv Stick 4k De Voz 4k 8gb Negro Con 1.5gb De Memoria Ram,13364,13364,283,new
Soporte Para Apple Tv 4 Y 5 (4k) Generación,750,750,25,new
Convertidor Apple Tv 4k 32gb C/mando De Voz Siri Y Bt Cuotas,238895,238895,10,new
 Apple Tv 4k  2.ª Generación 2021 ,62800,62800,2,new
Apple Tv 4k 32gb Mqd22ll/a New 4k _s,69052,69052,4,new
Apple Tv 4k 32gb Negro 1.ª Generación 2017,59399,59399,1,new
Apple Tv 4k 64gb Negro 1.ª Generación 2017,69999,69999,25,new
 Apple Tv 4k A1842  De Voz 4k 64gb C/mando De Voz Dolby 7.1,200109,200109,10,new
Apple Tv 4k 2nd Generation 32gb Convertidor Smart Tv Netflix,129999,129999,999,new
Apple Tv 4k 64gb,160724,160724,3,new
Apple Tv 4k 2nd Gen Mxgy2ll/a 32gb Chip A12 Bionic,129999,129999,1001,new
Apple Tv 4k 32gb Negro 1.ª Generación 2017 A1842 Gtia Oficia,49999,49999,8,new
Soporte Para Apple Tv 3° Generación,455,455,1,new
Apple Tv 4k 32gb,147237,147237,20,new
Soporte Para Apple Tv 4 5 6 Gen + Soporte Control Remoto,1800,1800,701,new
Apple Tv Hd 32gb,120264,120264,16,new
Apple Tv 4k 32gb,118999,118999,18,new
Apple Tv 4k 64gb 5th Generation Sonido Dolby Digital Plus,89999,89999,999,new
Apple Tv 4k 2nd Gen 32gb Netflix Prime Video Disney+,99999,99999,1006,new
Convertidor A Smart Tv Apple Tv Resolucion 4k 32gb ,69999,69999,999,new
Amazon Fire Tv Stick Lite Full Hd 8gb Con Fuente 220v De Voz,19996,19996,66,new
Amazon Fire Tv Stick De Voz 3.ª Generación Full Hd 8gb Negro Con 1gb De Memoria Ram,11499,11499,26,new
 Amazon Fire Tv Stick Lite De Voz 8gb Full Hd C Alexa Cuotas,29994,29994,72,new
Amazon Fire Tv Stick 4k Max - Wifi 6 - Netflx Youtube Disney,24999,24999,29,new
 Amazon Fire Tv Stick Lite  De Voz Full Hd 8gb Con Alexa New,19991,19991,202,new
Convertidor A Smart Tv 1080p Netflix Youtube Disney+ Hbo Y +,17099,17099,94,new
Amazon Fire Tv Stick De Voz 4k 8gb Last Model + Fuente 220v ,18398,18398,59,new
Amazon Fire Tv Stick De Voz 3era Gen Full Hd 8gb 1gb Ram,11699,11699,30,new
Amazon Fire Tv Stick Lite De Voz Full Hd 8gb + Fuente 220v!,19998,19998,80,new
Amazon Fire Tv Stick Lite Full Hd 8gb 1gb Ram Streaming ,10299,10299,128,new
 Amazon Fire Tv Stick 4k Control Por Voz 4k 8gb Hdr Alexa ,15454.85,15454.85,94,new
Amazon Fire Tv Stick 3ra Gen Full Hd Youtube Netflix Disney ,12999,12999,528,new
Amazon Fire Tv Stick De Voz 4k 8gb Cuotas S/ Int- Fuente 220,24997,24997,39,new
Amazon Fire Tv Stick 4k De Voz 4k 8gb Negro Con Memoria Ram,14499,14499,513,new
Amazon Fire Tv Stick 4k 8gb Con Fuente 220v Nuevo Modelo,18396,18396,57,new
Amazon Fire Tv Stick 4k  8gb Negro Con 1.5gb De Memoria Ram,15999,15999,9,new
Amazon Fire Tv Stick Lite Full Hd 8gb Alexa Hdtv Dual Band,11999,11999,348,new
Amazon Fire Tv Stick De Voz 4k 8gb Last Model + Fuente 220v,14159,14159,40,new
Amazon Fire Tv Stick 4k Max C/ Alexa Control Remoto Netflix ,28999,28999,27,new
 Amazon Fire Tv Stick Lite De Voz Full Hd 8gb Original,11999,11999,29,new
Amazon Fire Tv Stick Full Hd Lite Fuente 220 Cuotas S/ Int. ,29996,29996,42,new
Amazon Fire Tv Stick Lite Full Hd 8gb 1gb Ram Streaming,10399,10399,64,new
Amazon Fire Tv Stick Lite De Voz Full Hd 8gb Con Fuente 220v,19997,19997,74,new
Amazon Fire Tv Stick 4k Max C/ Alexa  Netflix Control Remoto,33999,33999,20,new
Amazon Fire Tv Stick Lite De Voz Full Hd 8gb Alexa Cuotas!,29998,29998,110,new
Amazon Fire Tv Stick Lite De Voz Full Hd 8gb Negro Con 1gb ,15300,15300,32,new
Amazon Fire Tv Stick 4k De Voz 8gb Negro Con 1.5gb Ram,19654.91,19654.91,135,new
Soporte Para Apple Tv Decodificadores Estante Tagwood,3590,3590,503,new
Convertidor Smart Tv Apple Tv 4k 2nd Gen 32gb,89999,89999,1000,new
Amazon Fire Tv Stick 4k Hdr Control Por Voz Con Alexa ,15999,15999,334,new
Soporte Para Apple Tv Decodificadores Tgw,3450,3450,118,new
Soporte De Pared Apple Tv 4ta Generación Control Remoto 3d,699,699,9,new
Soporte Para Apple Tv Decodificadores Estante Tagwood,2870,2870,84,new
Amazon Fire Tv Stick Lite Full Hd 8gb 1gb Ram Streaming,11499,11499,87,new
Apple Tv 4k 64gb 5th Gen Hbo Netflix Prime Video Spotify,69999,69999,1001,new
Chromecast With Google Tv Control Voz 4k 2gb Ram Hdmi Wifi,20999,20999,955,new
Xiaomi Mi Tv Stick Mdz-24-aa De Voz Full Hd 8gb Negro Con 1gb De Memoria Ram,14551,14551,533,new
Google Chromecast 2.ª Generación Full Hd 256mb Rojo Con 512mb De Memoria Ram,9999,9999,256,new
Google Chromecast 2 Gener. Smart Tv Hdmi Ver. Bulk Sin Caja,8099,8099,2130,new
Google Chromecast 3 Smart Tv Hdmi Usb Modelo Nuevo Local Gti,10300,10300,5342,new
Google Chromecast 2 Gen Smart Tv Hdmi Netflix Bulk Sin Caja,7990,7990,1981,new
Tv Box Nvidia Shield Tv Pro Versión 2019 De Voz 4k 16gb Negro Con 3gb De Memoria Ram,89099,89099,5,new
Google Chromecast 2.ª Generación Full Hd 256mb Amarillo Con 512mb De Memoria Ram,9999,9999,155,new
Google Chromecast With Google Tv De Voz 4k 8gb Snow Con 2gb De Memoria Ram,20969,20969,6695,new
Google Nest Mini 2nd Gen Con Asistente Virtual Google Assistant Chalk 110v/220v,15388,15388,44,new
 Chromecast With Google Tv  De Voz 4k 8gb  Snow 2gb Ram,20969,20969,3407,new
Google Nest Hub 2nd Gen Con Asistente Virtual Google Assistant Pantalla Integrada De 7  Charcoal 110v/220v,36490,36490,20,new
Xiaomi Mi Tv Box S 2 Gb Ram 8 Gb 4k Control Remoto C/voz,23999,23999,3201,new
Google Chromecast 3ra Gen Smart Tv Box Netflix Hdmi Full Hd Flow Streaming Spotify Dual Band,10999,10999,3081,new
Xiaomi Mi Tv Box S 2 Gb Ram 8 Gb 4k C/remoto C/voz Cuotas!,29499,29499,2007,new
Chromecast 4ta Gen 4k 2gb Ram Google Tv Control Remoto Cuot,21990,21990,388,new
Google Chromecast 2 Gen Sin Caja Bulk Smart Tv Hdmi Netflix ,7999,7999,1000,new
Google Chromecast 2 Streaming Full Hd Netxflix Wifi Sin Caja,8999,8999,1335,new
Google Chromecast 3 Generacion Smart Tv Original + Fuente,11299,11299,12872,new
Xiaomi Stick 4k Mdz-27-aa De Voz 4k 8gb Negro Con 2gb De Memoria Ram,20197,20197,138,new
Xiaomi Mi Box S Mdz-22-ab De Voz 4k 8gb Negro Con 2gb De Memoria Ram,21999,21999,108,new
Xiaomi Mi Tv Stick Full Hd Android Chromecast Amazon Netflix,16492,16492,87,new
Google Chromecast 3 Streaming Player Original Caja C/ Fuente,14199,14199,2902,new
Google Chromecast 3 Gen Smart Tv Hdmi Full Hd Usb Netflix ,11490,11490,1524,new
Google Chromecast 3 Smart Tv Hdmi Usb Nuevo Modelo Local,10300,10300,16705,new
Google Chromecast 2.ª Generación Full Hd 256mb Negro Con 512mb De Memoria Ram,10299,10299,1990,new
Google Home Mini Con Asistente Virtual Google Assistant Chalk 110v/220v,14999,14999,26,new
Google Chromecast With Google Tv De Voz 4k 8gb Snow Con 2gb,21317.18,21317.18,293,new
Google Chromecast Con Google Tv 4k + Control Remoto,20999,20999,992,new
Google Chromecast 4k Android Tv Control De Voz Color Blanco!,25790,25790,338,new
 Xiaomi Mi Tv Stick Mdz-24-aa Full Hd 8gb 1gb Ram Gtia Pce,16299,16299,545,new
Google Chromecast 3rd Generation Full Hd 1080p Streaming Tv,11299,11299,1144,new
Chromecast With Google Tv  De Voz 4k 8gb  Snow 2gb Ram,24949,24949,5038,new
Google Chromecast With Google Tv De Voz 4k 8gb Sky Con 2gb De Memoria Ram,24999,24999,31,new
Convertidor Smart Tv Google Chromecast 2da Gen Sin Caja,11999,11999,1186,new
Google Chromecast 3 Generacion Smart Tv Netflix Original,11399,11399,2431,new
Xiaomi Mi Tv Stick Full Hd Android Chromecast Netflix Cuotas,20917,20917,159,new
 Google Chromecast 3rd Generation  Full Hd  Carbón,15799,15799,4787,new
Google Chromecast 2 Gen Smart Tv Hdmi Netflix Sin Caja Bulk ,8000,8000,1000,new
Xiaomi Mi Tv Stick Full Fhd Android Amazon Netflix Bgui,14788,14788,176,new
Chromecast Smart Tv Netflix Googletv 4k Hdr Control Remoto,24999,24999,345,new
Xiaomi Mi Box S Mdz-22-ab De Voz 4k 8gb Negro Con 2gb ,21441,21441,59,new
 Chromecast Google Tv 4k 8gb Blanco Control Remoto Voz,20999,20999,515,new
Google Chromecast Con Google Tv 4k Hdmi Streaming Android Tv,20999,20999,944,new
Google Chromecast Full Hd Carbón,10099,10099,2629,new
Google Chromecast 3 Smart Tv Hdmi Usb Nuevo Modelo Gtia ,14099,14099,6609,new
Soporte De Pared Google Nest Hub Max - Base 208x90mm,1899,1899,3,new
Google Home Nest Mini 2 Gen Asistente Virtual Parlante,19600,19600,8,new
Google Home Con Asistente Virtual Google Assistant White Y Slate 110v/220v,35029,35029,129,new
Combo Google Home Mini + Chromecast 2 Ga00379-us,24999,24999,101,new
Google Home Hub Pantalla 7 Nest 2da Gen Asistente Virtual ,39330,39330,43,new
Google Nest Hub Con Asistente Virtual Google Assistant Pantalla Integrada De 7  Chalk 110v/220v,34999,34999,1007,new
Google Home Mini  Parlante / Spotify Netflix Youtube,14990,14990,17,new
Asistente Google Nest Hub Pantalla Smart Tactil 7´´ ,34999,34999,1008,new
Google Home Max Ga00223-us Charcoal Negro,124999,124999,2,new
Soporte De Pared Google Home Hub Max - Base 198x84mm,1899,1899,2,new
Google Home Mini,14000,14000,1,new
Asistente Virtual Inteligente Google Home Refabricado,18999,18999,1019,used
Chromecast Smart Tv Netflix Google Tv 4k Hdr Control Remoto,24799,24799,1763,new
Google Home Mini Con Asistente Virtual Google Assistant Aqua 110v/220v,14999,14999,97,new
Google Home Mini Asistente Virtual Español Youtube Spotify,14999,14999,1525,new
Xiaomi Mi Tv Stick Full Hd Android Chromecast Amazon Netflix,14996,14996,451,new
Google Nest Home Hub Asistente Virtual Pantalla 7 Pulgadas,18000,18000,31,new
Chromecast 4ta Generacion Con Google Tv + Control Remoto,27999,27999,683,new
Convertidor Google Chromecast 3era Gen Con Fuente Externa,11999,11999,958,new
Google Chromecast 3 Conversor Smart Tv Netflix You Tube,10369,10369,89,new
Google Home Mini Parlante Virtual Original En Español Asiste,14999,14999,722,new
Google Home Max Con Asistente Virtual Google Assistant Charcoal 100v/240v,109999,109999,1001,new
Google Chromecast 3 Generacion Nuevo En Caja Hdmi C/ Fuente,11299,11299,14690,new
Google Home Mini Con Asistente Virtual Google Assistant Coral 110v/220v,14999,14999,194,new
Google Home Con Asistente Virtual Inteligente Blanco Usado,17999,17999,1004,used
Soporte Montaje Embutido Pared Google Home Hub Mountgenie,4199,4199,20,new
Google Home Altavoz Inteligencia Artificial Refabricado,13999,13999,1041,used
Google Home Mini Chalk,14000,14000,7,new
Parlante Google Home Inteligencia Artificial Refabricado,13999,13999,1001,used
Google Nest Home Hub Asistente Virtual Y 7 Pulgadas Outlet,17999,17999,100,new
Soporte De Pared A 45º Google Home Hub - Base 138x60mm,899,899,8,new
Google Home Parlante Original Asistente Virtual Blanco Usado,13999,13999,999,used
Altavoz Inteligente Google Home Wifi Refabricado,13999,13999,1020,used
Parlante Google Home Inteligencia Artificial Original Usado,13999,13999,1001,used
Google Home Altavoz Asistente Inteligente Blanco Y Gris,42850,42850,34,new
Soporte Pared 45º Google Home Hub Base 138x60mm Nextsale,1800,1800,1400,new
Google Home Mini Asistente Virtual En Español Original Pcreg,17999,17999,23,new
Google Home Mini Asistente Virtual Google Assistant Chalk,18049,18049,1,new
Google Home Mini Español Parlante Virtual Con Fuente Spotify,14999,14999,2280,new
Google Home Mini Asistente Virtual Spotify Netflix Youtube ,14990,14990,579,new
Google Home Mini Con Asistente Virtual Google Assistant Charcoal 110v/220v,17999,17999,349,new
Google Home Asistente Inteligente Altavoz Gris Y Blanco,35029,35029,30,new
Soporte De Pared Google Mini Home / Nest Mini 2da Generacion,975,975,2120,new
Google Nest Hub 2nd Gen Con Asistente Virtual Google Assistant Pantalla Integrada De 7  Chalk 110v/220v,39330,39330,52,new
Parlante Google Home Mini Con Asistente De Voz Smart Wifi ,14995,14995,212,new
Parlante Inteligente Google Home Refabricado Blanco,17999,17999,1003,used
Pantalla Inteligente Google Nest Hub Chalk Ga00516-us,34999,34999,1001,new
Google Home Mini Asistente Virtual Spotify Netflix Youtube,14999,14999,1466,new
Ok Google Home,18000,18000,1,used
Google Home Wi Fi Nest Mini 2nd Gen Con Asistente Virtual   ,16990,16990,14,new
Google Home Mini + Chromecast 2nd Generation Netflix Spotify,24999,24999,1025,new
Soporte De Pared Google Mini Home / Nest Mini 2da Generacion,389,389,56,new
Altavoz Inteligente Google Home Parlante Refabricado ,13999,13999,1000,used
